name,bmi,age
Anna,23.4,43.0
Benjamin,24.799999999999997,51.0
Carol,21.2,52.666666666666664
Donald,29.8,64.0
